subject,New Code,cat
| A Practical Guide to Networking Privacy & Security in iOS 9 2015 |,eBooks – Technical,Anonymity – Other
| Security and Privacy in Internet of Things IoTs 2016 |,eBooks – Technical,Anonymity – Other
| Three Steps To Handle A Subpoena & Protect Your Privacy |,Anonymity – Other,Anonymity – Other
| !! -- THE ULTIMATE PRIVACY GUIDE -- !! |,Anonymity – Other,Anonymity – Other
| 100 Ways To Disappear And Live Free |,Anonymity – Other,Anonymity – Other
| How to make PGP keys fast and secure |,PGP/GPG,Anonymity – Other
| 100 Ways To Disappear And Live Free |,Anonymity – Other,Anonymity – Other
| Tor and the Dark Art of Anonymity How to Be Invisible from NSA |,Anonymity – Tor,Anonymity – Other
| Obfuscation A User's Guide for Privacy and Protest 2015 |,Anonymity – Other,Anonymity – Other
| 100 Ways To Disappear And Live Free |,Anonymity – Other,Anonymity – Other
| HOW TO DISAPPEAR - BIG PACK |,Anonymity – Other,Anonymity – Other
| ANDROID SECURITY PRIVACY + ENCRYPTION PACK |,Anonymity – Tor,Anonymity – Other
| ★ HOW TO DISAPPEAR IN THE USA ★▄▀▄▀▄▀▄▀▄▀▄▀▄▀▄▀▄▀▄▀▄▀▄▀▄▀▄▀ |,Anonymity – Other,Anonymity – Other
| Three Steps To Handle A Subpoena & Protect Your Privacy |,Anonymity – Other,Anonymity – Other
| Hacking the Future Privacy Identity & Anonymity on the Web 2012 |,Anonymity – Other,Anonymity – Other
| Anonymity on the web |,Anonymity – Other,Anonymity – Other
| AMAZING The Ultimate Asset Protection & Privacy |,Anonymity – Other,Anonymity – Other
"| ★ULTIMATE GUIDE ★ Darkweb, Anonymity, Carding ,Cash Out |",Carding,Anonymity – Other
| The Basics of Digital Privacy Simple Tools to Protect Your Personal Information & Your Identity 2014 |,Anonymity – Other,Anonymity – Other
| You For Sale Protecting Your Personal Data & Privacy Online 2016 |,Anonymity – Other,Anonymity – Other
| The Ultimate Privacy Guide - the Pack |,Anonymity – Other,Anonymity – Other
| Make a tax lien disappear |,Clearing Criminal History,Anonymity – Other
| HOW TO USE PGP ENCRYPTION SAFELY AND SECURELY |,PGP/GPG,Anonymity – Other
| How To Stay Completely Anonymous |,Anonymity – Other,Anonymity – Other
"| ★ULTIMATE GUIDE ★ Darkweb, Anonymity, Carding ,Cash Out |",Carding,Anonymity – Other
| TRUE ONLINE ANONYMITY KIT |,Anonymity – Other,Anonymity – Other
"| Ultimate Privacy : BE TOTALY ANONYMOUS VPN, SOCKS, |",Anonymity – VPN,Anonymity – Other
| How to Disappear Completely |,Anonymity – Other,Anonymity – Other
| How to surf the deep web being untraceable |,Anonymity – Other,Anonymity – Other
| FIREFOX AND TORBROWSER SETUP FOR EXTREME PRIVACY |,Anonymity – Tor,Anonymity – Other
| Take Back Your Privacy The Barefoot Anarchist's Guide 2016 |,Anonymity – Other,Anonymity – Other
| Anonymity on the web |,Anonymity – Other,Anonymity – Other
| TRUE ONLINE ANONYMITY KIT |,Anonymity – Other,Anonymity – Other
"| Pick-5-Book List: INFOSEC, PRIVACY and SECURITY |",Anonymity – Other,Anonymity – Other
| Windows 10 Security Yes but Privacy Please 2015 |,Anonymity – Other,Anonymity – Other
| How to surf the deep web being untraceable |,Anonymity – Other,Anonymity – Other
| 100 ways to disappear and live free (buy 1 get 1 free) |,Anonymity – Other,Anonymity – Other
| $$$HOW TO SETUP COMP ANONYMITY$$$ |,Anonymity – Proxies,Anonymity – Other
| AMAZING The Ultimate Asset Protection & Privacy |,Anonymity – Other,Anonymity – Other
| !! -- THE ULTIMATE PRIVACY GUIDE -- !! |,Anonymity – Other,Anonymity – Other
| Take Back Your Privacy The Barefoot Anarchist's Guide 2016 |,Anonymity – Other,Anonymity – Other
| The Ultimate Guide for Anonymous and Secure Internet Usage |,Anonymity – Proxies,Anonymity – Other
| How to Disappear Completely |,Anonymity – Other,Anonymity – Other
| Hide.me VPN   -   World's Fastest VPN and Privacy Protection |,Anonymity – VPN,Anonymity – Other
| TRUE ONLINE ANONYMITY KIT |,Anonymity – Other,Anonymity – Other
| Safe Surfer Protecting Your Privacy in the Digital Wild West |,Anonymity – Other,Anonymity – Other
| TRUE ONLINE ANONYMITY KIT |,Anonymity – Other,Anonymity – Other
| Make a tax lien disappear |,Clearing Criminal History,Anonymity – Other
| Make a tax lien disappear |,Clearing Criminal History,Anonymity – Other
| The Basics of Digital Privacy Simple Tools to Protect |,Anonymity – Other,Anonymity – Other
| True Online Anonymity Kit |,Anonymity – Other,Anonymity – Other
| How to Disappear Completely |,Anonymity – Other,Anonymity – Other
| The Smart Girls Guide to Privacy Practical Tips for Staying Safe |,Anonymity – Other,Anonymity – Other
| How to surf the deep web being untraceable |,Anonymity – Other,Anonymity – Other
| ★★★ Bypass 3D SECURE - SUCCESS CARDING + BONUS ★★★ 100% WORKING ★★★ CHEAP ★★★ VERY EASY. |,Carding,Anonymity – Other
"| Anonymity, Privacy, and Security Online |",Anonymity – Other,Anonymity – Other
| 100 Ways To Disappear And Live Free |,Anonymity – Other,Anonymity – Other
| Tor and the Dark Art of Anonymity How to Be Invisible |,Anonymity – Tor,Anonymity – Other
| How to setup an anonymous untraceable PayPal account |,Anonymity – Other,Anonymity – Other
"| Pick-a-Book List: INFOSEC, PRIVACY and SECURITY |",eBooks – Technical,Anonymity – Other
| Asset Protection & Privacy Guide |,Anonymity – Other,Anonymity – Other
| How to make PGP keys fast and secure |,PGP/GPG,Anonymity – Other
| How To Stay Completely Anonymous |,Anonymity – Other,Anonymity – Other
| Tor and the Dark Art of Anonymity How to Be Invisible |,Anonymity – Tor,Anonymity – Other
| HOW TO USE PGP ENCRYPTION SAFELY AND SECURELY |,PGP/GPG,Anonymity – Other
| Make a tax lien disappear |,Clearing Criminal History,Anonymity – Other
| How to Disappear Completely |,Anonymity – Other,Anonymity – Other
| After Snowden Privacy Secrecy and Security in the Information Age 2015 |,Anonymity – Other,Anonymity – Other
| The Basics of Digital Privacy Simple Tools to Protect |,Anonymity – Other,Anonymity – Other
| How to setup an anonymous untraceable PayPal account |,Anonymity – Other,Anonymity – Other
| Dragnet Nation A Quest for Privacy Security and Freedom 2014 |,Anonymity – Other,Anonymity – Other
| The Architecture of Privacy 2015 |,Anonymity – Other,Anonymity – Other
| How To Stay Completely Anonymous |,Anonymity – Other,Anonymity – Other
| How to surf the deep web being untraceable |,Anonymity – Other,Anonymity – Other
| Tor and the Dark Art of Anonimity |,Anonymity – Tor,Anonymity – Tor
| ▶THE CARDER'S HOLY GRAIL -Antidetect 6.5 -Fraud Browser -Socks5/Proxy+VPN -List of Bins -Worth $550! |,Carding,Anonymity – Tor
| Tor and the Dark Art of Anonimity ★★★ |,Anonymity – Tor,Anonymity – Tor
| How to be Anonymous Online 2016 with Tor Tails Bitcoin and Writeprints 2016 |,Anonymity – Tor,Anonymity – Tor
| Tor - How to be Anonymous Online 2016: Step-by-Step |,Anonymity – Tor,Anonymity – Tor
| Tor and The Dark Net 2016 |,Anonymity – Tor,Anonymity – Tor
| TOR Beginners to Expert Guide 2017 |,Anonymity – Tor,Anonymity – Tor
| TOR Browser Guide for Beginners How to Be Anonymous Online |,Anonymity – Tor,Anonymity – Tor
| Tor and The Dark Net 2016 |,Anonymity – Tor,Anonymity – Tor
| How to Create a Hidden Service Tor WebSite |,Anonymity – Tor,Anonymity – Tor
| Tor and the Dark Art of Anonymity How to Be Invisible from NSA |,Anonymity – Tor,Anonymity – Tor
| SOCKS5 settings / SOCKS5 + TOR |,Anonymity – Proxies,Anonymity – Tor
| Tor Remaining Anonymous On The Dark Net 2017 |,Anonymity – Tor,Anonymity – Tor
| Tor Remaining Anonymous On The Dark Net 2017 |,Anonymity – Tor,Anonymity – Tor
| TOR Browser Guide for Beginners How to Be Anonymous Online |,Anonymity – Tor,Anonymity – Tor
| Tor and the Dark Art of Anonimity ★★★ |,Anonymity – Tor,Anonymity – Tor
| Tor and the Dark Art of Anonimity ★★★ |,Anonymity – Tor,Anonymity – Tor
| TOR Access the Darknet and Bitcoin How to Get Anonymously |,Anonymity – Tor,Anonymity – Tor
| Stay safe with tor MUST HAVE |,Anonymity – Tor,Anonymity – Tor
| Hacking the Future Privacy Identity & Anonymity on the Web 2012 |,Anonymity – Other,Anonymity – Tor
| Anonymity on the web |,Anonymity – Other,Anonymity – Tor
| Guide for Doble Encryption on TOR + PRIVATORIA.NET - VPN - ★PREMIUM ACCOUNT★ [LIFETIME] |,Anonymity – VPN,Anonymity – Tor
"| ★ULTIMATE GUIDE ★ Darkweb, Anonymity, Carding ,Cash Out |",Carding,Anonymity – Tor
| Tor and the Dark Art of Anonimity |,Anonymity – Tor,Anonymity – Tor
| TOR Middlebox Routing VB VM Traffic Over The TOR Network |,Anonymity – Tor,Anonymity – Tor
| Ultimate Guide to Using Tor privately and anonymously |,Anonymity – Tor,Anonymity – Tor
| Tor and the Dark Art of Anonimity ★★★ |,Anonymity – Tor,Anonymity – Tor
| TOR SECURITY ANONYMOUSLY GUIDE A MUST-READ UTILITY GUIDE |,Anonymity – Tor,Anonymity – Tor
| How to be Anonymous Online 2016 with Tor Tails Bitcoin |,Anonymity – Tor,Anonymity – Tor
| How to Create a Hidden Service Tor WebSite |,Anonymity – Tor,Anonymity – Tor
| Tor Browser Handbook Quick Start Guide 2015 |,Anonymity – Tor,Anonymity – Tor
| Tor and the Dark Art of Anonimity ★★★ |,Anonymity – Tor,Anonymity – Tor
"| ★ULTIMATE GUIDE ★ Darkweb, Anonymity, Carding ,Cash Out |",Carding,Anonymity – Tor
| TRUE ONLINE ANONYMITY KIT |,Anonymity – Other,Anonymity – Tor
| Tor - How to be Anonymous Online 2016: Step-by-Step |,Anonymity – Tor,Anonymity – Tor
| Anonymity on the web |,Anonymity – Other,Anonymity – Tor
| HOW NOT TO GET FUCKED - A QUICKSTART GUIDE TO BUYING ILLEGAL SHIT ON TOR |,Anonymity – Tor,Anonymity – Tor
| TOR SECURITY ANONYMOUSLY GUIDE A MUST-READ UTILITY GUIDE |,Anonymity – Tor,Anonymity – Tor
| TRUE ONLINE ANONYMITY KIT |,Anonymity – Other,Anonymity – Tor
| $$$HOW TO SETUP COMP ANONYMITY$$$ |,Anonymity – Proxies,Anonymity – Tor
| Tor Browser Handbook Quick Start Guide 2015 |,Anonymity – Tor,Anonymity – Tor
| TRUE ONLINE ANONYMITY KIT |,Anonymity – Other,Anonymity – Tor
| TRUE ONLINE ANONYMITY KIT |,Anonymity – Other,Anonymity – Tor
| True Online Anonymity Kit |,Anonymity – Other,Anonymity – Tor
| SOCKS5 settings / SOCKS5 + TOR |,Anonymity – Proxies,Anonymity – Tor
| TOR User Security Bible |,Anonymity – Tor,Anonymity – Tor
| Chaining a Socks5 With Tor TUTORIAL |,Anonymity – Tor,Anonymity – Tor
| ★ The Dark Art Of Death ★ |,Other,Anonymity – Tor
"| Anonymity, Privacy, and Security Online |",Anonymity – Other,Anonymity – Tor
| Tor and the Dark Art of Anonymity How to Be Invisible |,Anonymity – Tor,Anonymity – Tor
| SOCKS5 settings / SOCKS5 + TOR |,Anonymity – Proxies,Anonymity – Tor
| TOR Browser Guide for Beginners How to Be Anonymous Online 2016 |,Anonymity – Tor,Anonymity – Tor
| Tor Browser Handbook Quick Start Guide 2015 |,Anonymity – Tor,Anonymity – Tor
| ★ The Dark Art Of Death ★ |,Other,Anonymity – Tor
| Tor and the Dark Art of Anonymity How to Be Invisible |,Anonymity – Tor,Anonymity – Tor
| TOR Access the Darknet and Bitcoin How to Get Anonymously |,Anonymity – Tor,Anonymity – Tor
| How to be Anonymous Online 2016 with Tor Tails Bitcoin |,Anonymity – Tor,Anonymity – Tor
| Tor and the Dark Art of Anonimity ★★★ |,Anonymity – Tor,Anonymity – Tor
| TOR Beginners to Expert Guide 2017 |,Anonymity – Tor,Anonymity – Tor
| SOCKS5 settings / SOCKS5 + TOR |,Anonymity – Proxies,Anonymity – Tor
| Tor and the Dark Art of Anonimity ★★★ |,Anonymity – Tor,Anonymity – Tor
| Tor and The Dark Net 2016 |,Anonymity – Tor,Anonymity – Tor
| TOR User Security Bible |,Anonymity – Tor,Anonymity – Tor
| Tor and the Dark Art of Anonimity ★★★ |,Anonymity – Tor,Anonymity – Tor
| HIDEMYASS.COM – VPN – ★PREMIUM ACCOUNT★ [LIFETIME] |,Anonymity – VPN,Anonymity – VPN
"| Anonymous - Everything about being Anonymous ( Safety Comes First ) Socks , VPN , |",Anonymity – VPN,Anonymity – VPN
| How To Get Netflix Premium For Free |,Hacking – Website,Anonymity – VPN
| VyprVPN Premium Account | lifetime |,Anonymity – VPN,Anonymity – VPN
| ANTI DETECT 7 + FREE VPN + FF |,Anonymity – VPN,Anonymity – VPN
| IPVANISH.COM – VPN – ★PREMIUM ACCOUNT★ [LIFETIME] |,Anonymity – VPN,Anonymity – VPN
| IPVanish.com ♜Premium Account♜ [LIFETIME WARRANTY] |,Anonymity – VPN,Anonymity – VPN
| 2x VPN Pack |,Anonymity – VPN,Anonymity – VPN
| TORGUARD.NET VPN+Proxy Bundle ★PREMIUM ACCOUNT★ |,Anonymity – VPN,Anonymity – VPN
| How To Get Netflix Premium For Free |,Hacking – Website,Anonymity – VPN
| TunnelBear VPN Account Premium | lifetime |,Anonymity – VPN,Anonymity – VPN
| vpn->tor->socks |,Anonymity – VPN,Anonymity – VPN
| IPVANISH Premium Account [Lifetime Warranty] |,Anonymity – VPN,Anonymity – VPN
| IPVanish.com ♜Premium Account♜ [LIFETIME WARRANTY] |,Anonymity – VPN,Anonymity – VPN
| IPVANISH Premium Account [Lifetime Warranty] |,Anonymity – VPN,Anonymity – VPN
| IPVANISH.COM – VPN – ★PREMIUM ACCOUNT★ [LIFETIME] |,Anonymity – VPN,Anonymity – VPN
| 2x VPN Pack |,Anonymity – VPN,Anonymity – VPN
| Guide for Doble Encryption on TOR + PRIVATORIA.NET - VPN - ★PREMIUM ACCOUNT★ [LIFETIME] |,Anonymity – VPN,Anonymity – VPN
| HideMyAss.com ♜Premium Account♜ [LIFETIME WARRANTY] |,Anonymity – VPN,Anonymity – VPN
| BTGuard VPN Account |,Anonymity – VPN,Anonymity – VPN
| BTGuard VPN Account |,Anonymity – VPN,Anonymity – VPN
| PARANOIC safety VPN+Socks UP to 15+ VPN connection |,Anonymity – VPN,Anonymity – VPN
"| Ultimate Privacy : BE TOTALY ANONYMOUS VPN, SOCKS, |",Anonymity – VPN,Anonymity – VPN
| IPVANISH Premium Account [Lifetime Warranty] |,Anonymity – VPN,Anonymity – VPN
| PARANOIC safety VPN+Socks UP to 15+ VPN connection |,Anonymity – VPN,Anonymity – VPN
| Professional VPN - Avira Phantom VPN Pro + Crack |,Anonymity – VPN,Anonymity – VPN
| ANTI DETECT 7 + FREE VPN + FF |,Anonymity – VPN,Anonymity – VPN
| ZenMate.com - [LIFETIME VPN PREMIUM ACCOUNT] |,Anonymity – VPN,Anonymity – VPN
| IRONSOCKET.COM VPN-SOCKS5★PREMIUM ACCOUNT★ [LIFETIME] |,Anonymity – VPN,Anonymity – VPN
| ANTIDETECT 7 & FRAUDFOX VM+2 LIFETIME VPNS +AMAZON GUIDE |,Anonymity – VPN,Anonymity – VPN
| How To Get Netflix Premium For Free |,Hacking – Website,Anonymity – VPN
| TORGUARD.NET VPN+Proxy Bundle ★PREMIUM ACCOUNT★ |,Anonymity – VPN,Anonymity – VPN
| CyberGhost VPN Cracked - NO LOGS |,Anonymity – VPN,Anonymity – VPN
| Hide.me VPN   -   World's Fastest VPN and Privacy Protection |,Anonymity – VPN,Anonymity – VPN
| How To Get Netflix Premium For Free |,Hacking – Website,Anonymity – VPN
| Professional VPN - Avira Phantom VPN Pro + Crack |,Anonymity – VPN,Anonymity – VPN
| ANTI DETECT 7 + FREE VPN + FF |,Anonymity – VPN,Anonymity – VPN
| VyprVPN Premium Account | lifetime |,Anonymity – VPN,Anonymity – VPN
| Multiple VPN connections (highest safety) |,Anonymity – VPN,Anonymity – VPN
| CyberGhost VPN Cracked - NO LOGS |,Anonymity – VPN,Anonymity – VPN
| Multiple VPN connections (highest safety) |,Anonymity – VPN,Anonymity – VPN
| HideMyAss.com ♜Premium Account♜ [LIFETIME WARRANTY] |,Anonymity – VPN,Anonymity – VPN
| ANTIDETECT 7 & FRAUDFOX VM+2 LIFETIME VPNS +AMAZON PRO GUIDE |,Anonymity – VPN,Anonymity – VPN
| EXPRESSVPN.COM - VPN - ★PREMIUM ACCOUNT★ [LIFETIME] |,Anonymity – VPN,Anonymity – VPN
| IPVANISH.COM –★PREMIUM ACCOUNT★ [LIFETIME] |,Anonymity – VPN,Anonymity – VPN
| 2 AUTOPILOT Methods to Get free BTC  + Free Premium VPN |,Anonymity – VPN,Anonymity – VPN
| BEST VPN FOR MOBILE PHONES ! |,Anonymity – VPN,Anonymity – VPN
| TunnelBear VPN Account Premium | lifetime |,Anonymity – VPN,Anonymity – VPN
| HIDEMYASS.COM – VPN – ★PREMIUM ACCOUNT★ [LIFETIME] |,Anonymity – VPN,Anonymity – VPN
| EXPRESSVPN.COM - VPN - ★PREMIUM ACCOUNT★ [LIFETIME] |,Anonymity – VPN,Anonymity – VPN
| ANTI DETECT 7 + FREE VPN + FF |,Anonymity – VPN,Anonymity – VPN
| ExpressVPN Premium Account | lifetime |,Anonymity – VPN,Anonymity – VPN
| 4 x VPN accounts for LIFE! |,Anonymity – VPN,Anonymity – VPN
| IPVANISH.COM –★PREMIUM ACCOUNT★ [LIFETIME] |,Anonymity – VPN,Anonymity – VPN
| IRONSOCKET.COM VPN-SOCKS5★PREMIUM ACCOUNT★ [LIFETIME] |,Anonymity – VPN,Anonymity – VPN
| 2 AUTOPILOT Methods to Get free BTC  + Free Premium VPN |,Anonymity – VPN,Anonymity – VPN
| ZenMate.com - [LIFETIME VPN PREMIUM ACCOUNT] |,Anonymity – VPN,Anonymity – VPN
| ▀ 100% FINGERPRINT & CARDING PROTECTION ▀ AntiDetect v5 + AntiCanvas Premium Plugin + Setup Guide |,Carding,Anonymity – VPN
| 4 x VPN accounts for LIFE! |,Anonymity – VPN,Anonymity – VPN
| ANTIDETECT 7 & FRAUDFOX VM+2 LIFETIME VPNS +AMAZON PRO GUIDE |,Anonymity – VPN,Anonymity – VPN
| 2x VPN Pack |,Anonymity – VPN,Anonymity – VPN
| ANTIDETECT 7 & FRAUDFOX VM+2 LIFETIME VPNS +AMAZON GUIDE |,Anonymity – VPN,Anonymity – VPN
| ANTI DETECT 7 + FREE VPN + FF |,Anonymity – VPN,Anonymity – VPN
| IPVANISH Premium Account [Lifetime Warranty] |,Anonymity – VPN,Anonymity – VPN
| ExpressVPN Premium Account | lifetime |,Anonymity – VPN,Anonymity – VPN
| 2x VPN Pack |,Anonymity – VPN,Anonymity – VPN
| vpn->tor->socks |,Anonymity – VPN,Anonymity – VPN
"| Anonymous - Everything about being Anonymous ( Safety Comes First ) Socks , VPN , |",Anonymity – VPN,Anonymity – Proxies
| $$$SOCKS-change your IP to help you cash out cvv from any country$$$ |,Anonymity – Proxies,Anonymity – Proxies
| VIDEO How To Apply Socks5 The Right Way For 100% Success |,Anonymity – Proxies,Anonymity – Proxies
| How to: SOCKS to change your IP to cash out any CVV |,Anonymity – Proxies,Anonymity – Proxies
| VIDEO How To Apply Socks5 The Right Way For 100% Success |,Anonymity – Proxies,Anonymity – Proxies
| SOCKS5 settings / SOCKS5 + TOR |,Anonymity – Proxies,Anonymity – Proxies
| How To Set up a SOCKS Proxy Using Putty & SSH |,Anonymity – Proxies,Anonymity – Proxies
| How to use SOCKS and VPS (change your ip ) |,Anonymity – Proxies,Anonymity – Proxies
| Hack With IP Address |,Hacking – General,Anonymity – Proxies
| My TOP 15 Socks5 Providers + VIDEO Tutorial |,Anonymity – Proxies,Anonymity – Proxies
| How to use SOCKS ( newbie guide ) |,Anonymity – Proxies,Anonymity – Proxies
| My TOP 15 Socks5 Providers + VIDEO Tutorial |,Anonymity – Proxies,Anonymity – Proxies
| My TOP 15 Socks5 Providers + VIDEO Tutorial |,Anonymity – Proxies,Anonymity – Proxies
| How To Spoof Your IP Address (ESSENTIAL FOR CARDING) |,Carding,Anonymity – Proxies
| My TOP 15 Socks5 Providers + VIDEO Tutorial |,Anonymity – Proxies,Anonymity – Proxies
| My TOP 15 Socks5 Providers + VIDEO Tutorial |,Anonymity – Proxies,Anonymity – Proxies
| How to use SOCKS and VPS (change your ip ) |,Anonymity – Proxies,Anonymity – Proxies
| --= Private SOCKS 5 PROXIES - WORLDWIDE COUNTRY = |,Anonymity – Proxies,Anonymity – Proxies
| ★IMPORTANT★ How To Set up a SOCKS Proxy |,Anonymity – Proxies,Anonymity – Proxies
| How To Set up a SOCKS Proxy Using Putty & SSH |,Anonymity – Proxies,Anonymity – Proxies
| My TOP 15 Socks5 Providers + VIDEO Tutorial |,Anonymity – Proxies,Anonymity – Proxies
| VIDEO How To Apply Socks5 The Right Way For 100% Success |,Anonymity – Proxies,Anonymity – Proxies
| My TOP 15 Socks5 Providers + VIDEO Tutorial |,Anonymity – Proxies,Anonymity – Proxies
| How to use SOCKS and VPS (change your ip ) |,Anonymity – Proxies,Anonymity – Proxies
| How To Set up a SOCKS Proxy Using Putty & SSH |,Anonymity – Proxies,Anonymity – Proxies
| ★★ FRESH CLEAN HQ SOCKS ★★ ANY COUNTRY !! ★★ |,Anonymity – Proxies,Anonymity – Proxies
| My TOP 15 Socks5 Providers + VIDEO Tutorial |,Anonymity – Proxies,Anonymity – Proxies
| VIDEO How To Apply Socks5 The Right Way For 100% Success |,Anonymity – Proxies,Anonymity – Proxies
| VIDEO How To Apply Socks5 The Right Way For 100% Success |,Anonymity – Proxies,Anonymity – Proxies
| ★IMPORTANT★ How To Set up a SOCKS Proxy |,Anonymity – Proxies,Anonymity – Proxies
| ★★ FRESH CLEAN HQ SOCKS ★★ ANY COUNTRY !! ★★ |,Anonymity – Proxies,Anonymity – Proxies
| SOCKS5 settings / SOCKS5 + TOR |,Anonymity – Proxies,Anonymity – Proxies
| How to use SOCKS ( newbie guide ) |,Anonymity – Proxies,Anonymity – Proxies
| VIDEO How To Apply Socks5 The Right Way For 100% Success |,Anonymity – Proxies,Anonymity – Proxies
| --= Private SOCKS 5 PROXIES - WORLDWIDE COUNTRY = |,Anonymity – Proxies,Anonymity – Proxies
| How To Spoof Your IP Address (ESSENTIAL FOR CARDING) |,Carding,Anonymity – Proxies
| Chaining a Socks5 With Tor TUTORIAL |,Anonymity – Tor,Anonymity – Proxies
| My TOP 15 Socks5 Providers + VIDEO Tutorial |,Anonymity – Proxies,Anonymity – Proxies
| Subnetting For Beginners How to Easily Master IP Subnetting 2015 |,Anonymity – Proxies,Anonymity – Proxies
| How to use SOCKS and VPS (change your ip ) |,Anonymity – Proxies,Anonymity – Proxies
| SOCKS5 settings / SOCKS5 + TOR |,Anonymity – Proxies,Anonymity – Proxies
| VIDEO How To Apply Socks5 The Right Way For 100% Success |,Anonymity – Proxies,Anonymity – Proxies
| VIDEO How To Apply Socks5 The Right Way For 100% Success |,Anonymity – Proxies,Anonymity – Proxies
| How To Hack Someone With Their IP Address |,Hacking – General,Anonymity – Proxies
| SOCKS5 settings / SOCKS5 + TOR |,Anonymity – Proxies,Anonymity – Proxies
| $$$How To Set up a SOCKS Proxy Using Putty & SSH$$$ |,Anonymity – Proxies,Anonymity – Proxies
| How To Set up a SOCKS Proxy Using Putty & SSH |,Anonymity – Proxies,Anonymity – Proxies
| My TOP 15 Socks5 Providers + VIDEO Tutorial |,Anonymity – Proxies,Anonymity – Proxies
| ★ SOCKS5 SERVICE ★ CLEAN IP ★ 2 SOCKS5 ★ |,Anonymity – Proxies,Anonymity – Proxies
| ★ SOCKS5 SERVICE ★ CLEAN IP ★ 2 SOCKS5 ★ |,Anonymity – Proxies,Anonymity – Proxies
| How to: SOCKS to change your IP to cash out any CVV |,Anonymity – Proxies,Anonymity – Proxies
| ALL MY VIDEO TUTORIALS FOR HUGE SUCCESS IN CARDING !!! |,Carding,Carding
| Recommended Vulnerable Sites for Carding |,Carding,Carding
| CARDING LESSONS VOL. I |,Carding,Carding
| 7 Reasons A Credit Card Gets Blocked |,Carding,Carding
| [TUTO FR] Le Carding de A à Z |,Carding,Carding
| ♕ DELL Carding Method ♕ |,Carding,Carding
"| LIST OF OVER 10,000 CARDABLE SITES |",Carding,Carding
| [v.1]★[CC/CVV Carding For Beginners] [n00b Friendly] |,Carding,Carding
| Basic Carding Tutorial 1 |,Carding,Carding
| carding  Etsy online marketplace |,Carding,Carding
| CARDING - CC To BTC |,Carding,Carding
| PRIVATE UNDERGROUND AMAZON CARDING GUIDE |,Carding,Carding
| LIST OF CARDABLE VIRTUAL PRODUCT WEBSITES |,Carding,Carding
| Platinum Virtual Carder Handbook (UVCH) 2.11 |,Carding,Carding
"| The Carding Guide, All The Knowledge. SUPER-GUIDE. |",Carding,Carding
| CARDING - CC Cashout Guide - Rabbit Method |,Carding,Carding
| carding apple TUTORIAL |,Carding,Carding
"| #1 NOOB CARDING STARTER MEGAPACK $4,650 VALUE-NEXT 10 PAY $8 |",Carding,Carding
| Carding basic concepts & terminologies |,Carding,Carding
| ❻❻ CARDING GUIDES ULTRA BEST 2016/2017 + FREE GIFT |,Carding,Carding
| SEVEN NOOB METHODS CREDIT CARD >> BTC 2017 |,Cashing Out,Carding
| ★TORSO'S★ Chinese Goods Carding Guide |,Carding,Carding
| VMware Software for Carding + KEY Original Price $299 |,Carding,Carding
| VMware Software for Carding + KEY Original Price $299 |,Carding,Carding
| 7 Reasons Your Credit Card Gets Blocked. |,Carding,Carding
| How To Card Nike |,Carding,Carding
| Carding 20k to BTC for $100 |,Carding,Carding
| VIDEO How To CARD SAMSUNG S8/iPhone 7 [06/06/2017] |,Carding,Carding
"| THE CARDING BUSINESS, UNDERSTAND HOW IT WORKS |",Carding,Carding
| How To Be A Pro Carder + 2 VIDEOS |,Carding,Carding
| CARDING BANK TRANSFERS 100% working method |,Carding,Carding
| CARDING SCHOOL LISTHING/LEARN HOW TO CARD IPHONES |,Carding,Carding
| Basic Tutorial For Carding From Ebay |,Carding,Carding
| ♕ CARDING MEGAPACK ♕ |,Carding,Carding
| ▶THE CARDER'S HOLY GRAIL -Antidetect 6.5 -Fraud Browser -Socks5/Proxy+VPN -List of Bins -Worth $550! |,Carding,Carding
| CARDING : MEGA-PACK OF TUTORIALS - I |,Carding,Carding
| ♕ DELL Carding Method ♕ |,Carding,Carding
| The Carding Encyclopedia 229 Pages! CARDING WORLD |,Carding,Carding
| WesternUnion Carding Method 2017 NOOB FRIENDLY |,Carding,Carding
| 6.15.17 Mobile Carding + 2017's #1 CC|PP|Fraud |,Carding,Carding
| ❻❻ CARDING GUIDES ULTRA BEST 2016/2017 + FREE GIFT ✉ |,Carding,Carding
| CARDING - NEW CASHOUT METHOD CC OR PP TO BTC |,Carding,Carding
| The Carder's University Pack |,Carding,Carding
| CARDING LESSONS VOL. II |,Carding,Carding
| CARDING BANK TRANSFERS 100% working method |,Carding,Carding
| Carding - How to make Track1 from Track2 + ICQ Secret Group |,Carding,Carding
| ♕ Unviersity of Carding | In Depth Carding Guide ♕ |,Carding,Carding
"| #1 NOOB CARDING STARTER MEGAPACK $4,650 VALUE-NEXT 10 PAY $8 |",Carding,Carding
| eBay Carding Tutorial |,Carding,Carding
| CARDING LESSONS |,Carding,Carding
| CYBERCRIME UK VIRTUAL CARDING V.3 |,Carding,Carding
| [v.1]★[CC/CVV Carding For Beginners] [n00b Friendly] |,Carding,Carding
| Carding University ! Direct Teaching in Jabber 5 Days ! |,Carding,Carding
| Alpha02_ University Of Carding Guide. |,Carding,Carding
| Cardable CASINO Sites 2017 |,Carding,Carding
| HOW TO CARDING WITHOUT GETTING CAUGHT. |,Carding,Carding
| ♕ GOOGLE PLAY CARDING METHODS ♕ |,Carding,Carding
| How to Card Best buy |,Carding,Carding
| InStore Carding Tutorial |,Carding,Carding
"| DUMPS CARDING Business, MEGA PACK 15 GUIDES |",Carding,Carding
| CARDING LESSONS VOL. II |,Carding,Carding
| CYBERCRIME UK VIRTUAL CARDING V.3 |,Carding,Carding
| TESCO Carding Method | Groceries/Alcohol/Tobacco/Lottery |,Carding,Carding
| HOW TO: MMORPG Carding |,Carding,Carding
| How to CARDING E-GIFT CARDS |,Carding,Carding
| ✪✪✪Flights Guide (2017) Carder Academy *HQ*✪✪✪ |,Carding,Carding
| [v.3] ★ CC/CVV Check Balance ★100% No Kill The Card ★ |,Carding,Carding
| AVOID THE RED FLAGS IN CARDING SHOPPING TIME. |,Carding,Carding
| amazon carding 2k17 (Updated method) |,Carding,Carding
| About MMORPG carding |,Carding,Carding
| Liqpay Carding Method |,Carding,Carding
| ❻❻ CARDING GUIDES ULTRA BEST 2016/2017 + FREE GIFT ✉ |,Carding,Carding
"| #1 NOOB CARDING STARTER MEGAPACK $4,650 VALUE-NEXT 10 PAY $8 |",Carding,Carding
| CYBERCRIME UK VIRTUAL CARDING V.3 |,Carding,Carding
| Cashout Credit Card to BITCOIN DIRECTLY |,Cashing Out,Carding
| CARDING WITH PHYSICAL CARDS |,Carding,Carding
| Cardable CASINO Sites 2017 |,Carding,Carding
| CREDIT CARD TO MONEYGRAM CASHOUT |,Cashing Out,Carding
| LIST OF CARDABLE SITES (Updated ) |,Carding,Carding
| BESTBUY CARDING TUTORIAL |,Carding,Carding
| University Of Carding Guide |,Carding,Carding
| [TUTO FR] Le Carding de A à Z |,Carding,Carding
| CARDING E-GIFT CARD TUTORIAL |,Carding,Carding
| ♕ How To: Carding Microsoft ♕ |,Carding,Carding
| The Complete Collection of Carding Guides 100+ |,Carding,Carding
| The Carding Encyclopedia 229 Pages! CARDING WORLD |,Carding,Carding
| ♕ eBay Carding - 2 Methods ♕ |,Carding,Carding
| Amazon Carding - Step by Step EASY |,Carding,Carding
| Recommended Vulnerable Sites for Carding |,Carding,Carding
| Advanced Carding Not For Noobs |,Carding,Carding
| Carding Tutorial For Beginners - All You Need To Get Started |,Carding,Carding
| Advanced Carding Not For Noobs |,Carding,Carding
| CARDING WALMART.COM THE GUIDE |,Carding,Carding
| SEVEN NOOB METHODS CREDIT CARD >> BTC 2017 |,Cashing Out,Carding
| CYBERCRIME UK VIRTUAL CARDING V.3 |,Carding,Carding
| How to CARDING E-GIFT CARDS |,Carding,Carding
| ✪✪✪Hotels Guide (2017) Carder Academy *HQ*✪✪✪ |,Carding,Carding
| Carding - How to make Track1 from Track2 + ICQ Secret Group |,Carding,Carding
"| The Carding Guide, All The Knowledge. SUPER-GUIDE. |",Carding,Carding
| Carding Guide Pack 2017 - BEST |,Carding,Carding
| Liqpay Carding Method |,Carding,Carding
| 6 Ways to CASHOUT a Credit Card |,Cashing Out,Carding
| Alpha02 Carding Guide |,Carding,Carding
"| 1500 Cardable sites + UK, DE sites + BONUS GUIDES |",Carding,Carding
| Debit Card Cashout! - Instant - Easy - Step by Step |,Carding,Carding
| How To Be A Pro Carder + 2 VIDEOS |,Carding,Carding
| Carding Lessons VOL.II |,Carding,Carding
| How To Card Google Play |,Carding,Carding
| Walmart Carding |,Carding,Carding
| ebay carding 2k17 (UPDATED METHOD) |,Carding,Carding
| CARDING ONLINE CASINO TUTORIAL FOR BEGINNERS. |,Carding,Carding
| How To Card Dell |,Carding,Carding
"| AMAZING CARDING GUIDE, THE VICIOUS OF CARDING |",Carding,Carding
| PAYPAL BIBLE FROM EXPERIENCED CARDERS 100% SUCCESS |,Carding,Carding
| CARDING - NEW CASHOUT METHOD CC OR PP TO BTC |,Carding,Carding
| Platinum Virtual Carder Handbook (UVCH) 2.11 |,Carding,Carding
| 7 Reasons A Credit Card Gets Blocked |,Carding,Carding
| How To Card Aliexpress |,Carding,Carding
| CARDING TERMS ADVANCED LIST |,Carding,Carding
| CARDING E-GIFT CARD TUTORIAL |,Carding,Carding
| ★HOW TO CARD AMAZON!!! |,Carding,Carding
| CARDING LESSONS VOL. I |,Carding,Carding
| ANTIDETECT 7.0 & FRAUDFOX 2017 100% SUCCESS CARDING |,Carding,Carding
| amazon carding 2k17 (Updated method) |,Carding,Carding
| How to CARD AMAZON GIFT CARDS Smart Way★$200 $300 Cards |,Carding,Carding
| Security For Carding & Hacking / 25 guides in 1 |,Carding,Carding
| ❻❻ CARDING GUIDES ULTRA BEST 2016/2017 + FREE GIFT ✉ |,Carding,Carding
| Carding - How to make Track1 from Track2 + ICQ Secret Group |,Carding,Carding
| [TUTO FR] Le Carding de A à Z |,Carding,Carding
| How to Card Best buy |,Carding,Carding
| CARDING - CC to BTC - Donation Method |,Carding,Carding
| ✪✪✪Flights Guide (2017) Carder Academy *HQ*✪✪✪ |,Carding,Carding
| $ WHAT YOU NEED FOR IN-STORE CARDING $FREE$ |,Carding,Carding
| Carding - How to make Track1 from Track2. |,Carding,Carding
| Ultimate Carding Pack |,Carding,Carding
| ANDROID Carding SETUP Guide 100% |,Carding,Carding
| CARDING - CC To BTC |,Carding,Carding
| CREDIT CARD TO MONEYGRAM CASHOUT |,Cashing Out,Carding
| CARDING LESSONS VOL. I |,Carding,Carding
| VMware Software for Carding + KEY Original Price $299 |,Carding,Carding
| ALIEXPRES CARD METHOD |,Carding,Carding
| Carding Tutorial For Beginners - All You Need To Get Started |,Carding,Carding
| FRESH CARDABLE SITES & METHODS May 2017 |,Carding,Carding
| ALL MY VIDEO TUTORIALS FOR HUGE SUCCESS IN CARDING !!! |,Carding,Carding
| ♕ Apple Carding Method ♕ |,Carding,Carding
| ★Alpha02 carding guide★  EBOOK |,Carding,Carding
| Aliexpress Carding Guide |,Carding,Carding
| CitiBlack Credit Card Template (Front + Back) |,Carding,Carding
| How To Card Aliexpress |,Carding,Carding
| ✔ ⟁ CARDING TUTORIALS - APEX COLLECTION - ⟁ (͠≖ ͜ʖ͠≖) |,Carding,Carding
| The carding amd cashout ULTIMATE PACK! |,Carding,Carding
| ♕ How To Be A Pro Carder ♕ |,Carding,Carding
"| 1500 Cardable sites + UK, DE sites + BONUS GUIDES |",Carding,Carding
| VMware Software for Carding + KEY Original Price $299 |,Carding,Carding
| 7 Reasons your credit card gets blocked (interesting Article |,Carding,Carding
| Buy Bitcoins With Credit Card |,Cashing Out,Carding
| ♕ DELL Carding Method ♕ |,Carding,Carding
| How to be a Pro Carder |,Carding,Carding
| Alpha - University Of Carding |,Carding,Carding
"| ★ [2017] CARDABLE SITES LIST (+20,000!) byTheShop™ ★ |",Carding,Carding
| ♕ Apple Carding Method ♕ |,Carding,Carding
| 3 ways to cashout a credit card |,Cashing Out,Carding
| Carding - How to make Track1 from Track2. |,Carding,Carding
| Introduction to carding for newbies and newcomers |,Carding,Carding
| eBay Carding - Paypal Carding Guides-tutorials |,Carding,Carding
| Ultimate Carding Pack |,Carding,Carding
| HOW TO: MMORPG Carding |,Carding,Carding
| Cardable casino |,Carding,Carding
| VMware Software for Carding + KEY Original Price $299 |,Carding,Carding
| HOW TO CARDING ON ALIEXPRESS |,Carding,Carding
| Apple Carding Tutorial Fresh |,Carding,Carding
| The carding amd cashout ULTIMATE PACK! |,Carding,Carding
| *How To Find Cardable Shops* |,Carding,Carding
| Liqpay Carding Method |,Carding,Carding
| CARDING TUTORIALS - ALL HERE - 2016 |,Carding,Carding
| VIDEO How To CARD SAMSUNG S8/iPhone 7 [06/06/2017] |,Carding,Carding
| Instore Carding Tutorial |,Carding,Carding
| A-Z carding explained (Carding for n00bs/dummies) |,Carding,Carding
| Carding EBAY Mega PACK GUIDES |,Carding,Carding
| Cardable casino |,Carding,Carding
| *How To Find Cardable Shops* |,Carding,Carding
| Highly Sold Carding - The Complete Tutorial - Updated 2016!!! |,Carding,Carding
| 10 Things to avoid when you are carding in the store |,Carding,Carding
| ♕ Apple Carding Method ♕ |,Carding,Carding
| ★EBAY + PAYPAL SCAM ★ NOT CARDING ★ 5K+ MONTH |,Fraud,Carding
| CARDING TUTORIALS - ALL HERE - |,Carding,Carding
| Platinum Virtual Carder Handbook (UVCH) 2.11 |,Carding,Carding
| CCleaner PRO -- INCREASE YOUR SUCCESS IN CARDING |,Carding,Carding
| Dumps Carding Tutorial PACK+ICQ Secret Group (For Dumps+Pin) |,Carding,Carding
| PAYPAL BIBLE FROM EXPERIENCED CARDERS 100% SUCCESS |,Carding,Carding
| Apple Carding Tutorial |,Carding,Carding
| Platinum Virtual Carder Handbook (UVCH) 2.11 |,Carding,Carding
| CARDING - CC To BTC |,Carding,Carding
| How To Card Microsoft |,Carding,Carding
"| 1500 Cardable sites + UK, DE sites + BONUS GUIDES |",Carding,Carding
| Liqpay Carding Method |,Carding,Carding
| Carding with dumps Tuto |,Carding,Carding
| WesternUnion Carding Method 2017 NOOB FRIENDLY |,Carding,Carding
| Carding + Hacking Mega Pack---2657 Items |,Carding,Carding
| ULTIMATE CARDING UNIVERSITY CASHOUT PAYPAL/CC to BTC/WU |,Carding,Carding
| +++TOR SITES LIST 72000+ 2017+++ |,Anonymity – Tor,Carding
| ★TORSO'S★ Chinese Goods Carding Guide |,Carding,Carding
| How To Card Western Union |,Carding,Carding
| Big List Of Cardable Websites |,Carding,Carding
| Carding Tutorial Pack |,Carding,Carding
| CARDING UNIVERSITY – CARDING LESSONS |,Carding,Carding
| CYBERCRIME UK VIRTUAL CARDING V.3 |,Carding,Carding
| CYBERCRIME UK VIRTUAL CARDING V.3 |,Carding,Carding
| BUY BITCOIN WITH HACKED CREDIT CARD ! NO ID ! INSTANT ! EASY |,Cashing Out,Carding
| 2017 ULTIMATE MOBILE CARDING SETUP>>STOP FAILING AT CARDING |,Carding,Carding
"| List Of Cardable Sites (20,000+) |",Carding,Carding
"| ★ULTIMATE GUIDE ★ Darkweb, Anonymity, Carding ,Cash Out |",Carding,Carding
| VMware Software for Carding + KEY Original Price $299 |,Carding,Carding
| Carding Tutorial For Beginners - All You Need To Get Started |,Carding,Carding
| French series : TUTO pour carder la FNAC |,Carding,Carding
| ★EBAY + PAYPAL SCAM ★ NOT CARDING ★ 5K+ MONTH |,Fraud,Carding
| [v.3] ★ CC/CVV Check Balance ★100% No Kill The Card ★ |,Carding,Carding
| ★important★ Tips For Carding Safely 2017 |,Carding,Carding
| CARDING LESSONS VOL. II |,Carding,Carding
| How To Be A Pro Carder + 2 VIDEOS |,Carding,Carding
| ♕ How To Be A Pro Carder ♕ |,Carding,Carding
| Credit Card to Bitcoin Cashout |,Cashing Out,Carding
| PAYPAL BIBLE FROM EXPERIENCED CARDERS 100% SUCCESS |,Carding,Carding
| VMware Software for Carding + KEY Original Price $299 |,Carding,Carding
| CARDING BANK TRANSFERS 100% working method!!! |,Carding,Carding
| CARDING ONLINE CASINO TUTORIAL FOR BEGINNERS. |,Carding,Carding
| CARDING LESSONS VOL. I |,Carding,Carding
| ▄▀▄▀▄  Amazon Carding Methods ▄▀▄▀▄ |,Carding,Carding
| How to CARDING E-GIFT CARDS |,Carding,Carding
| VMware Software for Carding + KEY Original Price $299 |,Carding,Carding
| Basic Tutorial For Carding From Ebay |,Carding,Carding
"| ★ [2017] CARDABLE SITES LIST (+20,000!) byTheShop™ ★ |",Carding,Carding
| ★MASSIVE★ List of Cardable Sites 2017 | 100% Working |,Carding,Carding
| How To Card Apple |,Carding,Carding
| Cardable Sites + Method 2017 |,Carding,Carding
| Carding Tutorial for Beginners. |,Carding,Carding
| 66 Carding Tutorials |,Carding,Carding
| Advanced Carding Not For Noobs |,Carding,Carding
| ♕ How To: Carding Microsoft ♕ |,Carding,Carding
| CARDING BANK TRANSFERS 100% working method!!! |,Carding,Carding
| ✪✪✪Flights Guide (2017) Carder Academy *HQ*✪✪✪ |,Carding,Carding
| Alpha02 Carding Guide |,Carding,Carding
| CARDING - CC Cashout Guide - Rabbit Method |,Carding,Carding
| FRENCH CARDING TUTOS |,Carding,Carding
| Carding - How to Reset the VBV or VBM - 2016 - 100% Working |,Carding,Carding
| BESTBUY CARDING TUTORIAL |,Carding,Carding
| Carding 20k to BTC for $100 |,Carding,Carding
| CCleaner PRO -- INCREASE YOUR SUCCESS IN CARDING |,Carding,Carding
| CARDING - HOW TO CHECK YOUR CCV BALANCE! |,Carding,Carding
| University Of Carding Guide |,Carding,Carding
| CARDING LESSONS VOL. II |,Carding,Carding
| ★MASSIVE★ List of Cardable Sites 2017 | 100% Working |,Carding,Carding
| ★ CARDING UNIVERSITY FROM HELL 666(Stripped Version)★ |,Carding,Carding
| ★TORSO'S★ Chinese Goods Carding Guide |,Carding,Carding
| $$$ Cashout Credit Card CVV's to Giftcards $$$ |,Carding,Carding
"| AMAZING CARDING GUIDE, THE VICIOUS OF CARDING |",Carding,Carding
| CARDING BANK TRANSFERS 100% working method |,Carding,Carding
| 7 Reasons Your Credit Card Gets Blocked. |,Carding,Carding
| All About Carding |,Carding,Carding
| Alpha02 Carding Guide |,Carding,Carding
| Card Everyday Pack |,Carding,Carding
| How To Card Western Union |,Carding,Carding
| How To Card Google Play |,Carding,Carding
| ★Alpha02 carding guide★  EBOOK |,Carding,Carding
"| 1500 Cardable sites + UK, DE sites + BONUS GUIDES |",Carding,Carding
| Carding Guide For NOOBS ----- BASIC To Advanced ------- |,Carding,Carding
| Carding - Getting money from your dumps |,Carding,Carding
| Carding Vocabulary-TERMS Understanding the Business Language |,Carding,Carding
| Updated List for Cardable Sites |,Carding,Carding
| CARDING DELL GUIDE |,Carding,Carding
| Carding Amazon. |,Carding,Carding
| ★TORSO'S★ Chinese Goods Carding Guide |,Carding,Carding
| Carding via Phone - How To Disguise Your Voice. |,Carding,Carding
| Basic Carding Tutorial 2(dumps) |,Carding,Carding
| Virtual Credit Card VCC Generator |,Carding,Carding
| Carding - PP or CC To BTC CASHOUT! |,Carding,Carding
| ❻❻ CARDING GUIDES ULTRA BEST 2016/2017 + FREE GIFT ✉ |,Carding,Carding
| VIDEO How To CARD SAMSUNG S8/iPhone 7 [06/06/2017] |,Carding,Carding
| Carding Tutorial Pack |,Carding,Carding
| The Ultimate Security Guide for Carding |,Carding,Carding
| Advanced Carding Not For Noobs |,Carding,Carding
| 3 ways to cashout a credit card |,Cashing Out,Carding
"| Hacking for Profit: Credit Card Fraud, A Beginners Guide |",Carding,Carding
| PAYPAL BIBLE FROM EXPERIENCED CARDERS 100% SUCCESS |,Carding,Carding
| ★BEST Collection of carding & cashout guides!★ |,Carding,Carding
| [2017] List Of Cardable Sites |,Carding,Carding
"| Ebooks of Hacking, Carding and much more |",Hacking – General,Carding
| ♕ Apple Carding Method ♕ |,Carding,Carding
| Platinum Virtual Carder Handbook (UVCH) 2.11 |,Carding,Carding
| 7 Reasons your credit card gets blocked (interesting Article |,Carding,Carding
"| ★ULTIMATE GUIDE ★ Darkweb, Anonymity, Carding ,Cash Out |",Carding,Carding
| Carding Tutorial For Beginners - All You Need To Get Started |,Carding,Carding
| 66 Carding Tutorials |,Carding,Carding
| HOW TO CARD EZETOP AND MAKE EZ MONEY - NOOB FRIENDLY |,Carding,Carding
| Recommended Vulnerable Sites for Carding |,Carding,Carding
| ☣Easy Shit 2 Card☣List Of Cardable Sites! FRESH 2017☣ |,Carding,Carding
| Amazon Carding - Step by Step EASY |,Carding,Carding
| ✪✪✪Hotels Guide (2017) Carder Academy *HQ*✪✪✪ |,Carding,Carding
| Amazon carding tutorial |,Carding,Carding
| Hotel carding Guide for NOOBs. Monthly 3-4K profit guarranty |,Carding,Carding
| PRIVATE UNDERGROUND AMAZON CARDING GUIDE |,Carding,Carding
| How to CARD AMAZON GIFT CARDS Smart Way★$200 $300 Cards |,Carding,Carding
| BUY BITCOIN WITH HACKED CREDIT CARD ! NO ID ! INSTANT ! EASY |,Cashing Out,Carding
| CC TO BTC REALLY GREAT CREDIT CARD TO BITCOIN METHOD! CRAZY |,Cashing Out,Carding
| Latest Cardable Sites 2017 + Method + BINlists!! Must Have! |,Carding,Carding
| ♕ eBay Carding - 2 Methods ♕ |,Carding,Carding
| CYBERCRIME UK VIRTUAL CARDING V.3 |,Carding,Carding
"| 1500 Cardable sites + UK, DE sites + BONUS GUIDES |",Carding,Carding
| ♕ Apple Carding Method ♕ |,Carding,Carding
| AVOID THE RED FLAGS IN CARDING SHOPPING TIME. |,Carding,Carding
"| 1500 Cardable sites + UK, DE sites + BONUS GUIDES |",Carding,Carding
| ♕ How To: Carding Microsoft ♕ |,Carding,Carding
| InStore Carding Tutorial |,Carding,Carding
| ★2017 Learn carding from mobile phone★ |,Carding,Carding
| Dumps Carding Tutorial PACK+ICQ Secret Group (For Dumps+Pin) |,Carding,Carding
| PAYPAL BIBLE FROM EXPERIENCED CARDERS 100% SUCCESS |,Carding,Carding
| Big Carding Tutorial |,Carding,Carding
| ♕ CARDING MEGAPACK ♕ |,Carding,Carding
| ★2017 Learn carding from mobile phone★ |,Carding,Carding
| How to CARDING E-GIFT CARDS |,Carding,Carding
| ★ CARDING UNIVERSITY FROM HELL 666(FULL VERSION) ★ |,Carding,Carding
| New 2016 Exclusive Carding Pack (203 + 50 Free) |,Carding,Carding
| MEGA PACK CARDING GUIDES TUTORIAL |,Carding,Carding
| Carding 20k to BTC for $100 |,Carding,Carding
| Alpha02 Carding Guide |,Carding,Carding
| Basic Tutorial For Carding From Ebay |EASY| |,Carding,Carding
| CARDING UNIVERSITY – CARDING LESSONS |,Carding,Carding
| BarryBusiness's Virtual Carding !! *2017* |,Carding,Carding
"| ★ [2017] CARDABLE SITES LIST (+20,000!) byTheShop™ ★ |",Carding,Carding
| CARDING LESSONS VOL. I |,Carding,Carding
| Carding - How to Reset the VBV or VBM - 2016 - 100% Working |,Carding,Carding
| How to Card Best buy |,Carding,Carding
| ♕ DELL Carding Method ♕ |,Carding,Carding
| ❻❻ CARDING GUIDES ULTRA BEST 2016/2017 + FREE GIFT |,Carding,Carding
| Exclusive Fraud Pack @ Free Items guide @ Carding Tutorials |,Fraud,Carding
| Carding Tutorial for Beginners. |,Carding,Carding
| Liqpay Carding Method |,Carding,Carding
| How to card Dell |,Carding,Carding
| Carding - Getting money from your dumps. |,Carding,Carding
| APPLE CARDING GUIDE 2017 METHOD```EXCLUSIVE```` |,Carding,Carding
| How To Card Nike |,Carding,Carding
| ★TORSO'S★ Chinese Goods Carding Guide |,Carding,Carding
| Basic Carding for Noobs |,Carding,Carding
| Basic Carding Tutorial With CVV2 |,Carding,Carding
| CYBERCRIME UK VIRTUAL CARDING V.3 |,Carding,Carding
| How to CARDING E-GIFT CARDS |,Carding,Carding
| CCleaner PRO -- INCREASE YOUR SUCCESS IN CARDING |,Carding,Carding
| ♕ DELL Carding Method ♕ |,Carding,Carding
| Bitcoin Carding Tutorial |,Carding,Carding
| ★important★ Tips For Carding Safely 2017 |,Carding,Carding
| ♕ Apple Carding Method ♕ |,Carding,Carding
| Carding Vocabulary and understanding terms. |,Carding,Carding
| CARDING DELL GUIDE |,Carding,Carding
| Basic Carding Tutorial With CVV2 |,Carding,Carding
| ANDROID Carding SETUP Guide 100% |,Carding,Carding
| About MMORPG carding |,Carding,Carding
| Carding TermsWords |,Carding,Carding
| 7 Reasons a Credit Card gets Blocked |,Carding,Carding
| ALL MY VIDEO TUTORIALS FOR HUGE SUCCESS IN CARDING !!! |,Carding,Carding
| ★ CARDING UNIVERSITY FROM HELL 666(FULL VERSION) ★ |,Carding,Carding
| ♕ How To: Carding Microsoft ♕ |,Carding,Carding
| CCleaner PRO -- INCREASE YOUR SUCCESS IN CARDING |,Carding,Carding
| LIST OF CARDABLE VIRTUAL PRODUCT WEBSITES |,Carding,Carding
| CARDING - CC to BTC - Donation Method |,Carding,Carding
| AMAZON GIFTCARDS CARDING SYSTEM 100% SUCCESS NO CC REQUIRED |,Carding,Carding
| CARDING : MEGA-PACK OF TUTORIALS - I |,Carding,Carding
| ULTIMATE CARDING UNIVERSITY CASHOUT PAYPAL/CC to BTC/WU |,Carding,Carding
| CARDING LESSONS VOL. II |,Carding,Carding
| VIDEO How To CARD SAMSUNG S8/iPhone 7 [06/06/2017] |,Carding,Carding
| ★ CARDING UNIVERSITY FROM HELL 666(FULL VERSION) ★ |,Carding,Carding
| Carding Tutorial For Beginners |,Carding,Carding
| Megapack of carding and fraud guides 2016 |,Carding,Carding
| Western Union Carding 100% Success |,Carding,Carding
| Liqpay Carding Method |,Carding,Carding
| How To Be A Pro Carder + 2 VIDEOS |,Carding,Carding
| CCleaner PRO -- INCREASE YOUR SUCCESS IN CARDING |,Carding,Carding
"| 1500 Cardable sites + UK, DE sites + BONUS GUIDES |",Carding,Carding
| Platinum Virtual Carder Handbook (UVCH) 2.11 |,Carding,Carding
| ♕ How To Be A Pro Carder ♕ |,Carding,Carding
| 7 Reasons a Credit Card is blocked |,Carding,Carding
| CARDING WITH PHYSICAL CARDS |,Carding,Carding
| ★ULTIMATE ALPHA CARDING GUIDE 2017 W/ LIVE CC★ |,Carding,Carding
| CC TO BTC REALLY GREAT CREDIT CARD TO BITCOIN METHOD! CRAZY |,Cashing Out,Carding
| 2017 CARDABLE SITES |,Carding,Carding
| 2017 ULTIMATE MOBILE CARDING SETUP>>STOP FAILING AT CARDING |,Carding,Carding
| How To Card MMORPG Games |,Carding,Carding
| Advanced Carding Not For Noobs |,Carding,Carding
| ALIEXPRES CARD METHOD |,Carding,Carding
| [TUTO FR] Le Carding de A à Z |,Carding,Carding
| Carding CC to BTC in 5 Steps - 100% Working! |,Carding,Carding
| Carding Lessons VOL.II |,Carding,Carding
| How to Scam Free Stuff From Your Credit Card (fully tested) |,Fraud,Carding
| ❻❻ CARDING GUIDES ULTRA BEST 2016/2017 + FREE GIFT ✉ |,Carding,Carding
| HOW TO CARD EZETOP AND MAKE EZ MONEY - NOOB FRIENDLY |,Carding,Carding
| 3 Ways To Cash-Out A Credit Card |,Cashing Out,Carding
| Carding CC to BTC in 5 Steps - 100% Working! |,Carding,Carding
| ★ CARDING UNIVERSITY FROM HELL 666(FULL VERSION) ★ |,Carding,Carding
"| #1 NOOB CARDING STARTER MEGAPACK $4,650 VALUE-NEXT 10 PAY $8 |",Carding,Carding
| ♕ eBay Carding - 2 Methods ♕ |,Carding,Carding
| ❻❻ CARDING GUIDES ULTRA BEST 2016/2017 + FREE GIFT ✉ |,Carding,Carding
| Alpha02_ University Of Carding Guide. |,Carding,Carding
| ★ CARDING UNIVERSITY FROM HELL 666(Stripped Version)★ |,Carding,Carding
| The Ultimate Credit Card to ฿ Method |,Cashing Out,Carding
| Carding University ! Direct Teaching in Jabber 5 Days ! |,Carding,Carding
| How to CARD AMAZON GIFT CARDS Smart Way★$200 $300 Cards |,Carding,Carding
| [SAFETY GUIDE] CARDING : BE 100% ANONYMOUS |,Carding,Carding
| CCleaner PRO -- INCREASE YOUR SUCCESS IN CARDING |,Carding,Carding
| CARDING WALMART.COM THE GUIDE |,Carding,Carding
| Big Carding tutorial |,Carding,Carding
| ALL MY VIDEO TUTORIALS FOR HUGE SUCCESS IN CARDING !!! |,Carding,Carding
| PAYPAL BIBLE FROM EXPERIENCED CARDERS 100% SUCCESS |,Carding,Carding
| ALL MY VIDEO TUTORIALS FOR HUGE SUCCESS IN CARDING !!! |,Carding,Carding
| VIDEO How To CARD SAMSUNG S8/iPhone 7 [06/06/2017] |,Carding,Carding
| How to CARD AMAZON GIFT CARDS Smart Way★$200 $300 Cards |,Carding,Carding
| CREDIT CARD TO MONEYGRAM CASHOUT |,Cashing Out,Carding
| How To Be A Pro Carder + 2 VIDEOS |,Carding,Carding
| Apple Carding 2017 |,Carding,Carding
| [TUTO FR] Le Carding de A à Z |,Carding,Carding
| ★EBAY + PAYPAL SCAM ★ NOT CARDING ★ 5K+ MONTH |,Fraud,Carding
| Carding Amazon. |,Carding,Carding
| Liqpay Carding Method |,Carding,Carding
| How To Card Apple |,Carding,Carding
| CARDING - CC Cashout Guide - Rabbit Method |,Carding,Carding
| Carding via Phone - How To Disguise Your Voice. |,Carding,Carding
| Big List Of Cardable Websites |,Carding,Carding
| Anti broswer for carding |,Carding,Carding
| Apple Carding Tutorial |,Carding,Carding
| ★2017 Learn carding from mobile phone★ |,Carding,Carding
| Cardable CASINO Sites 2017 |,Carding,Carding
| CARDING LESSONS VOL. I |,Carding,Carding
| A Carder’s First Experience |,Carding,Carding
| Flight Carding Guide  v2 by Rango ! non vbv sites |,Carding,Carding
| Instore Carding Tutorial |,Carding,Carding
| CARDING LESSONS VOL. I |,Carding,Carding
| ALL MY VIDEO TUTORIALS FOR HUGE SUCCESS IN CARDING !!! |,Carding,Carding
| 7 Reasons A Credit Card Gets Blocked |,Carding,Carding
| Carding - Getting money from your dumps. |,Carding,Carding
| 10 Things to avoid when you are carding in the store |,Carding,Carding
| Debit Card Cashout! - Instant - Easy - Step by Step |,Carding,Carding
"| List Of Cardable Sites (20,000+) |",Carding,Carding
| ★TORSO'S★ Chinese Goods Carding Guide |,Carding,Carding
| ♕ GOOGLE PLAY CARDING METHODS ♕ |,Carding,Carding
| ♕ How To Be A Pro Carder ♕ |,Carding,Carding
| Carding - PP or CC To BTC CASHOUT! |,Carding,Carding
"| ★ [2017] CARDABLE SITES LIST (+20,000!) byTheShop™ ★ |",Carding,Carding
| Basic Carding Tutorial With CVV2 |,Carding,Carding
| Apple Carding Simple Method |,Carding,Carding
"| #1 NOOB CARDING STARTER MEGAPACK $4,650 VALUE-NEXT 10 PAY $8 |",Carding,Carding
| ♕ Carding DELL  | How To Card Dell Laptop ♕ |,Carding,Carding
"| #1 NOOB CARDING STARTER MEGAPACK $4,650 VALUE-NEXT 10 PAY $8 |",Carding,Carding
| Carding Vocabulary-TERMS Understanding the Business Language |,Carding,Carding
| Walmart Carding |,Carding,Carding
| PRIVATE UNDERGROUND AMAZON CARDING GUIDE |,Carding,Carding
| +++TOR SITES LIST 72000+ 2017+++ |,Anonymity – Tor,Carding
| Latest Cardable Sites 2017 + Method + BINlists!! Must Have! |,Carding,Carding
| [SAFETY GUIDE] CARDING : BE 100% ANONYMOUS |,Carding,Carding
| Apple Carding Tutorial Fresh |,Carding,Carding
| ANTIDETECT 7.0 & FRAUDFOX 2017 100% SUCCESS CARDING |,Carding,Carding
| CARDING - HOW TO CHECK YOUR CCV BALANCE! |,Carding,Carding
| Amex Green Credit Card Template (Front + Back) |,Carding,Carding
| ★★★ Bypass 3D SECURE - SUCCESS CARDING + BONUS ★★★ 100% WORKING ★★★ CHEAP ★★★ VERY EASY. |,Carding,Carding
| 6.15.17 Mobile Carding + 2017's #1 CC|PP|Fraud |,Carding,Carding
| Western Union Carding 100% Success |,Carding,Carding
| CARDING LESSONS VOL. II |,Carding,Carding
| Basic Carding for Noobs. |,Carding,Carding
| Apple Carding Tutorial |,Carding,Carding
| CARDING LESSONS |,Carding,Carding
| Carding EBAY Mega PACK GUIDES |,Carding,Carding
| 66 tutorials Big Pack - 230 pages about Carding |,Carding,Carding
| ★2017 Learn carding from mobile phone★ |,Carding,Carding
| The Essential Virtual Carding Handbook - Version 2.0 |,Carding,Carding
| Gold Credit Card PSD |,Carding,Carding
| ♕ Unviersity of Carding | In Depth Carding Guide ♕ |,Carding,Carding
| CREDIT CARD TO BITCOIN - VIDEO PROOF GET 2+ BTC DAILY |,Cashing Out,Carding
"| THE BIG CARDING TUTORIAL, 7 PARTS IN TOTAL. |",Carding,Carding
| CARDING - NEW CASHOUT METHOD CC OR PP TO BTC |,Carding,Carding
| $$$Tips for carding safely$$$ |,Carding,Carding
| Introduction to carding for newbies and newcomers |,Carding,Carding
| Carding Introduction (PDF) |,Carding,Carding
| Carding - The Complete Tutorial - Updated 2016!!! |,Carding,Carding
| Carding Vocabulary and understanding terms. |,Carding,Carding
| ❻❻ CARDING GUIDES ULTRA BEST 2016/2017 + FREE GIFT ✉ |,Carding,Carding
"| THE BIG CARDING TUTORIAL, 7 PARTS IN TOTAL. |",Carding,Carding
| How To Card Western Union |,Carding,Carding
| How to CARD AMAZON GIFT CARDS Smart Way★$200 $300 Cards |,Carding,Carding
| ★TORSO'S★ Chinese Goods Carding Guide |,Carding,Carding
| Basic Carding for Noobs |,Carding,Carding
| Big Carding tutorial |,Carding,Carding
| APPLE CARDING GUIDE 2017 METHOD```EXCLUSIVE```` |,Carding,Carding
| ★ [Updated] Full Carding Tutorial ★ |,Carding,Carding
| Basic Carding Tutorial 2(dumps) |,Carding,Carding
| Amazon Carding Guide |,Carding,Carding
| How to be a Pro Carder |,Carding,Carding
| ★ULTIMATE ALPHA CARDING GUIDE 2017 W/ LIVE CC★ |,Carding,Carding
| How To Card MMORPG Games |,Carding,Carding
| Apple Carding 2017 |,Carding,Carding
| ★HOW TO CARD AMAZON!!! |,Carding,Carding
| CARDING TUTORIALS - ALL HERE - |,Carding,Carding
| Basic Carding Tutorial 1 |,Carding,Carding
| PAYPAL BIBLE FROM EXPERIENCED CARDERS 100% SUCCESS |,Carding,Carding
| A-Z carding explained (Carding for n00bs/dummies) |,Carding,Carding
| LIST OF CARDABLE SITES (Updated ) |,Carding,Carding
| Basic Tutorial For Carding From Ebay |EASY| |,Carding,Carding
"| 1500 Cardable sites + UK, DE sites + BONUS GUIDES |",Carding,Carding
| ALL MY VIDEO TUTORIALS FOR HUGE SUCCESS IN CARDING !!! |,Carding,Carding
| CARDING SCHOOL LISTHING/LEARN HOW TO CARD IPHONES |,Carding,Carding
| Cardable Casino Sites |,Carding,Carding
| Cardable Sites + Method 2017 |,Carding,Carding
| ♕ Carding DELL  | How To Card Dell Laptop ♕ |,Carding,Carding
| ★ CARDING UNIVERSITY FROM HELL 666(FULL VERSION) ★ |,Carding,Carding
| CARDING UNIVERSITY – CARDING LESSONS |,Carding,Carding
| How To Card Western Union |,Carding,Carding
| CARDING - CC to BTC - Donation Method |,Carding,Carding
| ★ [Updated] Full Carding Tutorial ★ |,Carding,Carding
| ★HOW TO CARD AMAZON!!!★ |,Carding,Carding
| ★ [Updated] Full Carding Tutorial ★ |,Carding,Carding
| MoneyCard Credit Card Template (Front + Back) |,Carding,Carding
| Amazon Carding Guide |,Carding,Carding
| How to card Dell |,Carding,Carding
| Carding Tutorial For Beginners - All You Need To Get Started |,Carding,Carding
| eBay Carding Tutorial |,Carding,Carding
| EBAY CARDING |GUIDES|EXCLUSIVE |,Carding,Carding
| Carding University |,Carding,Carding
| Cardable CASINO Sites 2017 |,Carding,Carding
| Exclusive Fraud Pack @ Free Items guide @ Carding Tutorials |,Fraud,Carding
| Bannedbooks Carding University |,Carding,Carding
| Carding - Method to Cash $100 from CVV Online |,Carding,Carding
| CARDING LESSONS VOL. II |,Carding,Carding
| Dumps Carding Tutorial PACK+ICQ Secret Group (For Dumps+Pin) |,Carding,Carding
| Cardable Casino Sites |,Carding,Carding
| Carding basic concepts & terminologies |,Carding,Carding
| How To Be A Pro Carder + 2 VIDEOS |,Carding,Carding
| BarryBusiness's Virtual Carding !! *2017* |,Carding,Carding
| ✪✪✪Flights Guide (2017) Carder Academy *HQ*✪✪✪ |,Carding,Carding
| How to CARD AMAZON GIFT CARDS Smart Way★$200 $300 Cards |,Carding,Carding
| Credit Card to Bitcoin Cashout |,Cashing Out,Carding
| Carding - Method to Cash $100 from CVV Online |,Carding,Carding
| PayPal Carding Tutorial (2016) |,Carding,Carding
| PAYPAL BIBLE FROM EXPERIENCED CARDERS 100% SUCCESS |,Carding,Carding
| ALL MY VIDEO TUTORIALS FOR HUGE SUCCESS IN CARDING !!! |,Carding,Carding
| Apple Carding Simple Method |,Carding,Carding
| The Complete Collection of Carding Guides 100+ |,Carding,Carding
| How to Scam Free Stuff From Your Credit Card (fully tested) |,Fraud,Carding
| How To Card Aliexpress |,Carding,Carding
| CARDING UNIVERSITY – CARDING LESSONS |,Carding,Carding
"| ★ [2017] CARDABLE SITES LIST (+20,000!) byTheShop™ ★ |",Carding,Carding
| Carding - How to make Track1 from Track2 + ICQ Secret Group |,Carding,Carding
| Carding business :  The Misconceptions |,Carding,Carding
| Advanced Carding Not For Noobs |,Carding,Carding
| [SAFETY GUIDE] CARDING : BE 100% ANONYMOUS |,Carding,Carding
| Carding CC to BTC in 5 Steps -  100% Working! |,Carding,Carding
| How to Card Best buy |,Carding,Carding
| Basic Carding for Noobs |,Carding,Carding
| Dumps Carding Tutorial PACK+ICQ Secret Group (For Dumps+Pin) |,Carding,Carding
| CARDING LESSONS VOL. II |,Carding,Carding
| The Ultimate Credit Card to ฿ Method |,Cashing Out,Carding
| EBAY CARDING |GUIDES|EXCLUSIVE |,Carding,Carding
| PRIVATE UNDERGROUND AMAZON CARDING GUIDE |,Carding,Carding
| VIDEO How To CARD SAMSUNG S8/iPhone 7 [06/06/2017] |,Carding,Carding
| Carding University |,Carding,Carding
| ★ [Updated] Full Carding Tutorial ★ |,Carding,Carding
| How to CARDING E-GIFT CARDS |,Carding,Carding
| Liqpay Carding Method |,Carding,Carding
| ♕ DELL Carding Method ♕ |,Carding,Carding
| ★ [Updated] Full Carding Tutorial ★ |,Carding,Carding
| How To Card Microsoft |,Carding,Carding
| Carding business :  The Misconceptions |,Carding,Carding
| Recommended Vulnerable Sites for Carding |,Carding,Carding
| CREDIT CARD TO MONEYGRAM CASHOUT |,Cashing Out,Carding
| TESCO Carding Method | Groceries/Alcohol/Tobacco/Lottery |,Carding,Carding
| CARDING - CC Cashout Guide - Rabbit Method |,Carding,Carding
| How To Card Dell |,Carding,Carding
| ✪✪✪Flights Guide (2017) Carder Academy *HQ*✪✪✪ |,Carding,Carding
| Cashout Credit Card to BITCOIN DIRECTLY |,Cashing Out,Carding
| Carding Tutorial For Beginners |,Carding,Carding
| Apple Carding Tutorial |,Carding,Carding
| Buy Bitcoins With Credit Card |,Cashing Out,Carding
| ANTIDETECT 7.0 & FRAUDFOX 2017 100% SUCCESS CARDING |,Carding,Carding
| PRIVATE UNDERGROUND AMAZON CARDING GUIDE |,Carding,Carding
| Alpha02 Carding Guide |,Carding,Carding
| Monarchs Guide (Info on Carding and Cashing out Hacked Paypal Ac |,Carding,Carding
| Amazon Carding *Fraud and Refund* 2016 |,Carding,Carding
| HOW TO CARDING WITHOUT GETTING CAUGHT. |,Carding,Carding
"| carding tutorail get started, _bick package extra for free |",Carding,Carding
| CARDING BANK TRANSFERS 100% working method |,Carding,Carding
| CC TO BTC REALLY GREAT CREDIT CARD TO BITCOIN METHOD!  CRAZY |,Cashing Out,Carding
| CC TO BTC REALLY GREAT CREDIT CARD TO BITCOIN METHOD!  CRAZY |,Cashing Out,Carding
| Carding Pack (especially for beginners) |,Carding,Carding
| BarryBusiness's Virtual Carding !! *2017* |,Carding,Carding
| ▀ 100% FINGERPRINT & CARDING PROTECTION ▀ AntiDetect v5 + AntiCanvas Premium Plugin + Setup Guide |,Carding,Carding
| CYBERCRIME UK VIRTUAL CARDING V.3 |,Carding,Carding
| ★BEST Collection of carding & cashout guides!★ |,Carding,Carding
| ★★WALMART CARDING ★★EXCLUSIVE+BINS |,Carding,Carding
| 7 Reasons a Credit Card is blocked |,Carding,Carding
"| ★ [2017] CARDABLE SITES LIST (+20,000!) byTheShop™ ★ |",Carding,Carding
| 7 Reasons A Credit Card Gets Blocked |,Carding,Carding
| ☣Easy Shit 2 Card☣List Of Cardable Sites! FRESH 2017☣ |,Carding,Carding
| carding  Etsy online marketplace |,Carding,Carding
| A Carder’s First Experience |,Carding,Carding
| Advanced Carding Not For Noobs |,Carding,Carding
| Cardable CASINO Sites 2017 |,Carding,Carding
| ❻❻ CARDING GUIDES ULTRA BEST 2016/2017 + FREE GIFT ✉ |,Carding,Carding
| Advanced Carding Not For Noobs |,Carding,Carding
| How To Card Walmart |,Carding,Carding
| Big Carding Tutorial |,Carding,Carding
| Aliexpress Carding Guide |,Carding,Carding
| How to CARDING E-GIFT CARDS |,Carding,Carding
| 2017 -How To Buy Bitcoins With Your Credit Card |,Cashing Out,Carding
| Carding 20k to BTC for $100 |,Carding,Carding
| Platinum Virtual Carder Handbook (UVCH) 2.11 |,Carding,Carding
| 2017 CARDABLE SITES |,Carding,Carding
"| LIST OF OVER 10,000 CARDABLE SITES |",Carding,Carding
| CCleaner PRO -- INCREASE YOUR SUCCESS IN CARDING |,Carding,Carding
| ★ [Updated] Full Carding Tutorial ★ |,Carding,Carding
| CCleaner PRO -- INCREASE YOUR SUCCESS IN CARDING |,Carding,Carding
| BarryBusiness's Virtual Carding !! *2017* |,Carding,Carding
| Carding Guide Pack 2017 - BEST |,Carding,Carding
| Amazon carding tutorial |,Carding,Carding
| VIDEO How To CARD SAMSUNG S8/iPhone 7 [06/06/2017] |,Carding,Carding
| 2017 -How To Buy Bitcoins With Your Credit Card |,Cashing Out,Carding
| eBay Carding - Paypal Carding Guides-tutorials |,Carding,Carding
| Platinum Virtual Carder Handbook (UVCH) 2.11 |,Carding,Carding
| ★HOW TO CARD AMAZON!!!★ |,Carding,Carding
| CARDING TERMS ADVANCED LIST |,Carding,Carding
| Carding with dumps tutorial |,Carding,Carding
| How To Card Walmart |,Carding,Carding
| CCleaner PRO -- INCREASE YOUR SUCCESS IN CARDING |,Carding,Carding
| Bitcoin Carding Tutorial |,Carding,Carding
| ★TORSO'S★ Chinese Goods Carding Guide |,Carding,Carding
| MEGA PACK CARDING GUIDES TUTORIAL |,Carding,Carding
| PAYPAL BIBLE FROM EXPERIENCED CARDERS 100% SUCCESS |,Carding,Carding
| VIDEO How To CARD SAMSUNG S8/iPhone 7 [06/06/2017] |,Carding,Carding
| Basic Carding for Noobs. |,Carding,Carding
| ♕ Apple Carding Method ♕ |,Carding,Carding
| How to CARDING E-GIFT CARDS |,Carding,Carding
| ★★WALMART CARDING ★★EXCLUSIVE+BINS |,Carding,Carding
| CCleaner PRO -- INCREASE YOUR SUCCESS IN CARDING |,Carding,Carding
| HOW TO CARDING ON ALIEXPRESS |,Carding,Carding
| Basic Carding Tutorial With CVV2 |,Carding,Carding
| 6 Ways to CASHOUT a Credit Card |,Cashing Out,Carding
| CARDING - HOW TO CHECK YOUR CCV BALANCE! |,Carding,Carding
| Basic Carding for Noobs |,Carding,Carding
| CARDING BANK TRANSFERS 100% working method!!! |,Carding,Carding
| Debit Card Cashout! - Instant - Easy - Step by Step |,Carding,Carding
| Carding - Find local BINs in your area. |,Carding,Carding
| PAYPAL BIBLE FROM EXPERIENCED CARDERS 100% SUCCESS |,Carding,Carding
| Carding - Method to Cash $100 from CVV Online |,Carding,Carding
| Carding - Getting money from your dumps |,Carding,Carding
| CARDING BANK TRANSFERS 100% working method!!! |,Carding,Carding
| ♕ eBay Carding - 2 Methods ♕ |,Carding,Carding
| ★EBAY + PAYPAL SCAM ★ NOT CARDING ★ 5K+ MONTH |,Fraud,Carding
| How To Be A Pro Carder + 2 VIDEOS |,Carding,Carding
| SEVEN NOOB METHODS CREDIT CARD >> BTC 2017 |,Cashing Out,Carding
| 7 Reasons a Credit Card gets Blocked |,Carding,Carding
| ✪✪✪Flights Guide (2017) Carder Academy *HQ*✪✪✪ |,Carding,Carding
| 2017 -How To Buy Bitcoins With Your Credit Card |,Cashing Out,Carding
| $$$ Cashout Credit Card CVV's to Giftcards $$$ |,Carding,Carding
| Alpha02 Carding Guide |,Carding,Carding
| How To Be A Pro Carder + 2 VIDEOS |,Carding,Carding
| Carding with dumps tutorial |,Carding,Carding
"| Hacking for Profit: Credit Card Fraud, A Beginners Guide |",Carding,Carding
| Carding Introduction (PDF) |,Carding,Carding
"| carding tutorail get started, _bick package extra for free |",Carding,Carding
| French series : TUTO pour carder la FNAC |,Carding,Carding
| [SAFETY GUIDE] CARDING : BE 100% ANONYMOUS |,Carding,Carding
| Dumps Carding Tutorial PACK+ICQ Secret Group (For Dumps+Pin) |,Carding,Carding
| Carding - Find local BINs in your area. |,Carding,Carding
| 3 Ways To Cash-Out A Credit Card |,Cashing Out,Carding
| Debit Card Cashout! - Instant - Easy - Step by Step |,Carding,Carding
"| THE CARDING BUSINESS, UNDERSTAND HOW IT WORKS |",Carding,Carding
| Dumps Carding Tutorial PACK+ICQ Secret Group (For Dumps+Pin) |,Carding,Carding
| ♕ Apple Carding Method ♕ |,Carding,Carding
| CARDING LESSONS VOL. I |,Carding,Carding
| Carding TermsWords |,Carding,Carding
| [TUTO FR] Le Carding de A à Z |,Carding,Carding
| $ WHAT YOU NEED FOR IN-STORE CARDING $FREE$ |,Carding,Carding
| CCleaner PRO -- INCREASE YOUR SUCCESS IN CARDING |,Carding,Carding
"| DUMPS CARDING Business, MEGA PACK 15 GUIDES |",Carding,Carding
| CYBERCRIME UK VIRTUAL CARDING V.3 |,Carding,Carding
| PRIVATE UNDERGROUND AMAZON CARDING GUIDE |,Carding,Carding
| 2017 -How To Buy Bitcoins With Your Credit Card |,Cashing Out,Carding
| Carding Tutorial For Beginners |,Carding,Carding
| ANTIDETECT 7.0 & FRAUDFOX 2017 100% SUCCESS CARDING |,Carding,Carding
| Nike Carding Method 2016 |,Carding,Carding
| CCleaner PRO -- INCREASE YOUR SUCCESS IN CARDING |,Carding,Carding
| Megapack of carding and fraud guides 2016 |,Carding,Carding
| CREDIT CARD TO BITCOIN - VIDEO PROOF GET 2+ BTC DAILY |,Cashing Out,Carding
| ebay carding 2k17 (UPDATED METHOD) |,Carding,Carding
| ★ CARDING UNIVERSITY FROM HELL 666(FULL VERSION) ★ |,Carding,Carding
| Cardable CASINO Sites 2017 |,Carding,Carding
| [2017] List Of Cardable Sites |,Carding,Carding
| Platinum Virtual Carder Handbook (UVCH) 2.11 |,Carding,Carding
| Bannedbooks Carding University |,Carding,Carding
